,Unnamed: 0,Id,Hotel_name,Coordinate,Latitude,Longtitude,Attitude
0,0,1.0,Centara Grand Mirage Beach Resort Pattaya,"12.9586052,100.8838508,17z",12.9586052,100.8838508,17z
1,1,2.0,Grande Centre Point Pattaya,"12.9497119,100.886729,17z",12.9497119,100.886729,17z
2,2,3.0,Renaissance Pattaya Resort &amp; Spa,"12.8077989,100.9134611,17z",12.8077989,100.9134611,17z
3,3,4.0,InterContinental Pattaya Resort,"12.9255763,100.8602098,17z",12.9255763,100.8602098,17z
4,4,5.0,Rita Resort &amp; Residence Hotel,"12.9143159,100.8682234,17z",12.9143159,100.8682234,17z
5,5,6.0,Yes! Vegan Bed &amp; Vegan Foods,"12.9096206,100.8634589,17z",12.9096206,100.8634589,17z
6,6,7.0,Sea Sand Sun Resort &amp; Villas,"12.7793806,100.9024598,17z",12.7793806,100.9024598,17z
7,7,8.0,Navana Nature Escape,"12.9695397,100.8977884,17z",12.9695397,100.8977884,17z
8,8,9.0,Rabbit Resort Pattaya,"12.9024649,100.8609867,17z",12.9024649,100.8609867,17z
9,9,10.0,Nonze Hostel,"12.9304287,100.8761145,17z",12.9304287,100.8761145,17z
10,10,11.0,LK Emerald Beach,"12.9530299,100.8811547,17z",12.9530299,100.8811547,17z
11,11,12.0,Hilton Pattaya,"12.9349293,100.8804122,17z",12.9349293,100.8804122,17z
12,12,13.0,Dusit Thani Pattaya,"12.9506774,100.88318,17z",12.9506774,100.88318,17z
13,13,14.0,Royal Cliff Hotels Group,"12.923571,100.8580335,17z",12.923571,100.8580335,17z
14,14,15.0,Holiday Inn Pattaya,"12.947676,100.883447,17z",12.947676,100.883447,17z
15,15,16.0,Mövenpick Siam Na Jomtien Pattaya,"12.8334085,100.9065685,17z",12.8334085,100.9065685,17z
16,16,17.0,Nong Nooch Village Ltd.,"12.7670042,100.9307795,17z",12.7670042,100.9307795,17z
17,17,18.0,Avani Pattaya Resort,"12.9290199,100.8767442,17z",12.9290199,100.8767442,17z
18,18,19.0,Cape Dara Resort,"12.9542538,100.8811567,17z",12.9542538,100.8811567,17z
19,19,20.0,Amari Pattaya,"12.9356935,100.8593294,14z",12.9356935,100.8593294,14z
20,20,21.0,Ravindra Beach Resort &amp; Spa,"12.8318349,100.9086837,17z",12.8318349,100.9086837,17z
21,21,22.0,Thai Garden Resort,"13.3864936,100.4872376,10z",13.3864936,100.4872376,10z
22,22,23.0,BALCONY SEASIDE SRIRACHA Hotel &amp; Serviced Apartments,"13.1741801,100.9269102,15z",13.1741801,100.9269102,15z
23,23,24.0,Oakwood Hotel &amp; Residence Sri Racha,"13.1684404,100.9237277,17z",13.1684404,100.9237277,17z
24,24,25.0,Mytt Beach Hotel Pattaya,"12.9452672,100.8844907,17z",12.9452672,100.8844907,17z
25,25,26.0,Balcony Courtyard Sriracha Hotel &amp; Serviced Apartments.,"13.1600557,100.9380101,17z",13.1600557,100.9380101,17z
26,26,27.0,Kept Bang Saray Hotel Pattaya,"12.7620506,100.8832158,17z",12.7620506,100.8832158,17z
27,27,28.0,Sichang My Home,"13.1593326,100.8044166,17z",13.1593326,100.8044166,17z
28,28,29.0,Grand Scenaria Hotel,"12.9105102,100.8661708,17z",12.9105102,100.8661708,17z
29,29,30.0,Marine Beach Hotel,"12.8777265,100.8828588,17z",12.8777265,100.8828588,17z
30,30,31.0,Beach Walk Boutique Resort บีชวอล์ค บูทีค รีสอร์ต (สิกขราพลาโช่ รีสอร์ต),"13.2406282,100.9286996,17z",13.2406282,100.9286996,17z
31,31,32.0,Centara Sonrisa Residences and Suites Sriracha,"13.158914,100.9121812,17z",13.158914,100.9121812,17z
32,32,33.0,Frankie's Inn,"12.8939148,100.874215,17z",12.8939148,100.874215,17z
33,33,34.0,The Corner Lodge,"12.9234721,100.8892935,17z",12.9234721,100.8892935,17z
34,34,35.0,Siam@Siam Design Hotel Pattaya,"12.9457858,100.8863097,17z",12.9457858,100.8863097,17z
35,35,36.0,Hard Rock Hotel Pattaya,"12.9391334,100.8833009,17z",12.9391334,100.8833009,17z
36,36,37.0,Ocean Marina Yacht Club,"12.8286062,100.9084168,17z",12.8286062,100.9084168,17z
37,37,38.0,Sattahiptale Boutique Guesthouse,"12.662751,100.8983393,17z",12.662751,100.8983393,17z
38,38,39.0,Long Beach Garden Hotel &amp; Pavilions,"12.9641554,100.8837984,17z",12.9641554,100.8837984,17z
39,39,40.0,Centre Point Prime Hotel Pattaya,"12.9625723,100.9075457,17z",12.9625723,100.9075457,17z
40,40,41.0,บ้านริมน้ำเกาะล้าน,"12.921747,100.7863956,17z",12.921747,100.7863956,17z
41,41,42.0,Laem Chabang International Country Club,"13.0287934,101.0377657,17z",13.0287934,101.0377657,17z
42,42,43.0,Levana Hotel Pattaya,"12.9343714,100.8949151,17z",12.9343714,100.8949151,17z
43,43,44.0,Royal Cliff Beach Hotel,"12.9235665,100.8575753,17z",12.9235665,100.8575753,17z
44,44,45.0,"Wave Hotel, Pattaya","12.9337104,100.8791307,17z",12.9337104,100.8791307,17z
45,45,46.0,U Pattaya,"12.7777161,100.901515,17z",12.7777161,100.901515,17z
46,46,47.0,สวนนงนุช รีสอร์ท,"12.7671676,100.927538,17z",12.7671676,100.927538,17z
47,47,48.0,Somewhere Hotel Koh Sichang,"13.1560761,100.8098249,17z",13.1560761,100.8098249,17z
48,48,49.0,The Heritage Pattaya Beach Resort,"12.9075239,100.8587208,17z",12.9075239,100.8587208,17z
49,49,50.0,The Monttra Pattaya,"12.9176518,100.8544075,17z",12.9176518,100.8544075,17z
50,50,51.0,Botany Beach Resort,"12.8308429,100.9080457,17z",12.8308429,100.9080457,17z
51,51,52.0,Unixx South Pattaya,"12.9193618,100.8677519,17z",12.9193618,100.8677519,17z
52,52,53.0,Royal Cliff Grand Hotel,"12.9229624,100.8579454,17z",12.9229624,100.8579454,17z
53,53,54.0,Somerset Harbourview Sri Racha,"13.1639705,100.9225854,17z",13.1639705,100.9225854,17z
54,54,55.0,Retox Game On,"12.9316793,100.8811437,17z",12.9316793,100.8811437,17z
55,55,56.0,Baan Hinwong,"12.801018,100.9129913,17z",12.801018,100.9129913,17z
56,56,57.0,Birds and Bees Resort,"12.915163,100.856251,17z",12.915163,100.856251,17z
57,57,58.0,SiriNiran Resort,"12.6749484,100.9252515,17z",12.6749484,100.9252515,17z
58,58,59.0,Asia's Beach Apartments,"12.763701,100.8924455,17z",12.763701,100.8924455,17z
59,59,60.0,Z Through By The Zign,"12.9713547,100.8916452,17z",12.9713547,100.8916452,17z
60,60,61.0,Novotel Marina Sriracha &amp; Koh Si Chang,"13.1693703,100.7933721,12z",13.1693703,100.79337209999998,12z
61,61,62.0,U Jomtien Pattaya,"12.8657378,100.8907757,17z",12.8657378,100.8907757,17z
62,62,63.0,Davinci Pool Villa,"12.923753,100.869549,14z",12.923753,100.869549,14z
63,63,64.0,Golden Tulip Pattaya Beach Resort,"12.9702955,100.8821082,17z",12.9702955,100.8821082,17z
64,64,65.0,Worita Cove,"12.8165383,100.9103279,17z",12.8165383,100.9103279,17z
65,65,66.0,Lumpini Seaview Jomtien,"12.8713738,100.8912555,17z",12.8713738,100.8912555,17z
66,66,67.0,THE SRIRACHA RESIDENCE,"13.1682588,100.9308559,17z",13.1682588,100.9308559,17z
67,67,68.0,KANTARY HOTEL AMATA BANGPAKONG,"13.41819,101.0014608,17z",13.41819,101.0014608,17z
68,68,69.0,The Forest Hotel Pattaya,"12.9095105,100.8621851,17z",12.9095105,100.8621851,17z
69,69,70.0,Pattaya Blue Sky,"12.9438183,100.8848788,17z",12.9438183,100.8848788,17z
70,70,71.0,The Hideaway Guest House and Bar,"12.9278601,100.8809408,17z",12.9278601,100.8809408,17z
71,71,72.0,Health Land Resort &amp; Spa,"12.9102822,100.892246,17z",12.9102822,100.892246,17z
72,72,73.0,Porestva Hotel Sriracha,"13.2101368,100.9421945,17z",13.2101368,100.9421945,17z
73,73,74.0,Maharani Restaurant (Indian Food বাংলাদেশি খাবার),"12.9305851,100.8815762,15z",12.9305851,100.8815762,15z
74,74,75.0,บ้านภักดี Baan Pakdi พัทยากลาง,"12.939198,100.8908475,17z",12.939198,100.8908475,17z
75,75,76.0,Arcadia Beach Continental,"12.9148943,100.8716727,17z",12.9148943,100.8716727,17z
76,76,77.0,พลูมีเรีย เซอร์วิส อพาร์ทเม้นท์,"12.9602146,100.8852941,17z",12.9602146,100.8852941,17z
77,77,78.0,DeeProm Pattaya Hotel โรงแรม ดีพร้อม พัทยา,"12.9326788,100.8931298,17z",12.9326788,100.8931298,17z
78,78,79.0,ใบไม้บ้านกาแฟ@สีชัง,"13.1669207,100.8010485,17z",13.1669207,100.8010485,17z
79,79,80.0,Ana Anan Resort and Villa Pattaya อาณา อานันท์ รีสอร์ท แอนด์ วิลล่า พัทยา,"12.8400271,100.9044881,17z",12.8400271,100.9044881,17z
80,80,81.0,New Nordic Family,"12.9166173,100.8598167,17z",12.9166173,100.8598167,17z
81,81,82.0,The Caddy Shack,"12.9116357,100.8779827,17z",12.9116357,100.8779827,17z
82,82,83.0,Centara Pattaya Hotel,"12.9485936,100.8797149,15z",12.9485936,100.8797149,15z
83,83,84.0,Pullman Pattaya Hotel G,"12.9622482,100.8835985,17z",12.9622482,100.8835985,17z
84,84,85.0,Nicky's Bar &amp; Guesthouse,"12.9267506,100.8806666,17z",12.9267506,100.8806666,17z
85,85,86.0,Centra by Centara Maris Resort Jomtien,"12.8662448,100.8950885,17z",12.8662448,100.8950885,17z
86,86,87.0,The Zign Hotel,"12.9710935,100.8932034,17z",12.9710935,100.8932034,17z
87,87,88.0,The Agate Pattaya Boutique Resort,"12.9009884,100.8666331,17z",12.9009884,100.8666331,17z
88,88,89.0,Tara Court Hotel,"12.9138078,100.8648507,17z",12.9138078,100.8648507,17z
89,89,90.0,Phratamnak Hotel Pattaya,"12.9097245,100.8556935,17z",12.9097245,100.8556935,17z
90,90,91.0,เลอวิมานรีสอร์ท,"13.9536323,100.3784705,8z",13.9536323,100.3784705,8z
91,91,92.0,Lumpini Jomtien,"12.8705674,100.8898139,17z",12.8705674,100.8898139,17z
92,92,93.0,Wheeler Bed &amp; Bike Hotel,"13.3056305,100.9029644,17z",13.3056305,100.9029644,17z
93,93,94.0,"Siam Bayshore Resort, Pattaya","12.9228608,100.8695388,17z",12.9228608,100.8695388,17z
94,94,95.0,Cosy Beach Hotel Pattaya,"12.9213853,100.857916,17z",12.9213853,100.857916,17z
95,95,96.0,Veranda Resort Pattaya - MGallery,"12.8592493,100.8948358,17z",12.8592493,100.8948358,17z
96,96,97.0,"The Bayview Hotel, Pattaya","12.9332061,100.8801938,17z",12.9332061,100.8801938,17z
97,97,98.0,Holiday Inn Express Pattaya Central,"12.926619,100.8801983,17z",12.926619,100.8801983,17z
98,98,99.0,X2 Pattaya Oceanphere,"12.7724255,100.9048309,17z",12.7724255,100.9048309,17z
99,99,100.0,Tsix5 Hotel,"12.9694013,100.8942512,17z",12.9694013,100.8942512,17z
100,100,101.0,"The Serenity Resort Pattaya, Na Jomtien","12.7847631,100.9303703,17z",12.7847631,100.9303703,17z
101,101,102.0,Amari Residences Pattaya,"12.9231636,100.861103,17z",12.9231636,100.861103,17z
102,102,103.0,Grande Caribbean Condo Resort Pattaya,"12.9076517,100.8671764,17z",12.9076517,100.8671764,17z
103,103,104.0,Benwadee Resort,"12.9425072,100.9783774,17z",12.9425072,100.9783774,17z
104,104,105.0,Centara Nova Hotel &amp; Spa Pattaya,"12.9385823,100.8887112,17z",12.9385823,100.8887112,17z
105,105,106.0,Check-in Resort ที่พักเกาะล้าน,"12.9298386,100.7862981,17z",12.9298386,100.7862981,17z
106,106,107.0,Natural Park Resort Pattaya,"12.8716722,100.8869704,17z",12.8716722,100.8869704,17z
107,107,108.0,Welcome World Resort &amp; Spa,"12.9004072,100.8640382,17z",12.9004072,100.8640382,17z
108,108,109.0,Mason,"12.802417,100.9123035,15z",12.802417,100.9123035,15z
109,109,110.0,Royal Wing Suites &amp; Spa,"12.923813,100.8583923,17z",12.923813,100.8583923,17z
110,110,111.0,Swiss Paradise Boutique Villa,"12.958013,100.8863243,17z",12.958013,100.8863243,17z
111,111,112.0,Hotel J Pattaya,"12.949233,100.8926277,17z",12.949233,100.8926277,17z
112,112,113.0,Villa Oranje Pattaya,"12.937276,100.8896103,17z",12.937276,100.8896103,17z
113,113,114.0,THE ROUTE SRIRACHA HOTEL AND RESIDENCE เดอะรูท ศรีราชา โฮเต็ลแอนด์เรสซิเดนส์,"13.1037939,100.9674961,17z",13.1037939,100.9674961,17z
114,114,115.0,Let's Hyde 4 Star Resort &amp; Villas,"12.9537908,100.8858573,17z",12.9537908,100.8858573,17z
115,115,116.0,March Hotel Pattaya,"12.9390105,100.8870009,17z",12.9390105,100.8870009,17z
116,116,117.0,Baraquda Pattaya - MGallery,"12.9292271,100.8782055,17z",12.9292271,100.8782055,17z
117,117,118.0,New Nordic Marcus,"12.915275,100.8605443,17z",12.915275,100.8605443,17z
118,118,119.0,At Mind Exclusive Pattaya,"12.9384307,100.8882926,17z",12.9384307,100.8882926,17z
119,119,120.0,Eastpana Hotel,"13.02981,101.0641643,17z",13.02981,101.0641643,17z
120,120,121.0,Woodlands Hotel &amp; Resort,"12.9522447,100.8855128,17z",12.9522447,100.8855128,17z
121,121,122.0,Arcadia Beach Resort Condominium,"12.913198,100.8722313,17z",12.913198,100.8722313,17z
122,122,123.0,Brighton Grand Hotel Pattaya,"12.9574822,100.8901814,17z",12.9574822,100.8901814,17z
123,123,124.0,บ้านรับรองหาดน้ำใส,"12.6398591,100.8858924,13z",12.6398591,100.88589240000002,13z
124,124,125.0,3z pool villa and hotel,"12.8500694,100.9440726,17z",12.8500694,100.94407259999998,17z
125,125,126.0,De’ Anchor,"13.1578805,100.8099698,17z",13.1578805,100.8099698,17z
126,126,127.0,탑 풀빌라 (TOP POOL VILLA),"12.9372379,100.8923829,17z",12.9372379,100.8923829,17z
127,127,128.0,The Zleep Hotel Chonburi,"13.3949372,101.0192922,17z",13.3949372,101.0192922,17z
128,128,129.0,Venetian Signature Condo Resort Pattaya,"12.8635132,100.8997682,17z",12.8635132,100.8997682,17z
129,129,130.0,Yellow Moon Pattaya,"12.9680358,100.9059933,17z",12.9680358,100.9059933,17z
130,130,131.0,Sea Two Pool Villa Resort,"12.8785514,100.906644,17z",12.8785514,100.906644,17z
131,131,132.0,Apollo | APART HOTEL,"12.9414307,100.8560685,14z",12.9414307,100.8560685,14z
132,132,133.0,Pace Residence X Coffee Bar,"12.927874,100.8812623,17z",12.927874,100.8812623,17z
133,133,134.0,Hotel Amber Pattaya,"12.9306665,100.8857466,17z",12.9306665,100.8857466,17z
134,134,135.0,COSI Pattaya Wong Amat Beach,"12.9589144,100.8849912,17z",12.9589144,100.8849912,17z
135,135,136.0,Acqua Hotel Pattaya,"12.9311076,100.8823902,17z",12.9311076,100.8823902,17z
136,136,137.0,Cape Racha Hotel &amp; Serviced Apartments,"13.1687995,100.925041,17z",13.1687995,100.925041,17z
137,137,138.0,The ZEA,"13.1932346,100.9327495,17z",13.1932346,100.9327495,17z
138,138,139.0,MERA MARE PATTAYA,"12.9400869,100.8821366,17z",12.9400869,100.8821366,17z
139,139,140.0,Mybed Chonburi,"13.3756369,101.0047748,17z",13.3756369,101.0047748,17z
140,140,141.0,X2 Vibe Pattaya Seaphere ครอสทูไวบ์พัทยาซีเฟียร์,"12.8112642,100.9124794,17z",12.8112642,100.9124794,17z
141,141,142.0,Pagoda Hill Cafe’ and Resort,"13.2127924,101.0456193,17z",13.2127924,101.0456193,17z
142,142,143.0,Happy Hostel Pattaya,"12.930371,100.8869394,17z",12.930371,100.8869394,17z
143,143,144.0,Blue tang at Ana Anan Pattaya,"12.8398703,100.9047115,17z",12.8398703,100.9047115,17z
144,144,145.0,Willkris Resort,"12.7644634,100.8956403,17z",12.7644634,100.8956403,17z
145,145,146.0,Amazon Residence,"12.8874924,100.8855275,17z",12.8874924,100.8855275,17z
146,146,147.0,Sky Beach Condominium,"12.9607747,100.8836156,17z",12.9607747,100.8836156,17z
147,147,148.0,Yellow House Koh Si Chang,"13.1539247,100.8032072,17z",13.1539247,100.8032072,17z
148,148,149.0,Savotel โรงแรม ซาโวเทล,"12.8450263,100.904113,17z",12.8450263,100.904113,17z
149,149,150.0,Acqua,"12.9259367,100.845847,13z",12.9259367,100.845847,13z
150,150,151.0,Royal Cliff Beach Terrace,"12.923562,100.8571171,17z",12.923562,100.8571171,17z
151,151,152.0,New Nordic Kristine,"12.9155867,100.8591958,17z",12.9155867,100.8591958,17z
152,152,153.0,New Nordic Holiday,"12.9167115,100.8607357,17z",12.9167115,100.8607357,17z
153,153,154.0,OYO 869 Ban Nam Mao Resort,"12.8467901,100.9050781,17z",12.8467901,100.9050781,17z
154,154,155.0,The Ivory Villa,"12.9579222,100.8867894,17z",12.9579222,100.8867894,17z
155,155,156.0,Chill Inn,"14.0798452,96.6447831,6z",14.0798452,96.64478309999998,6z
156,156,157.0,Dor-Shada Resort by The Sea,"12.8340657,100.9106646,17z",12.8340657,100.9106646,17z
157,157,158.0,Restaurant Guesthouse Edelweiss,"12.913537,100.8688593,17z",12.913537,100.8688593,17z
158,158,159.0,AIYAREE PLACE RESORT,"12.9009895,100.8681835,17z",12.9009895,100.8681835,17z
159,159,160.0,The LD pattaya,"12.9469164,100.9006909,17z",12.9469164,100.9006909,17z
160,160,161.0,Holiday Inn &amp; Suites Siracha Laemchabang,"13.1239986,100.9147405,17z",13.1239986,100.9147405,17z
161,161,162.0,Woodlands Suites Serviced Residence,"12.952273,100.8844053,17z",12.952273,100.8844053,17z
162,162,163.0,บ้านปลายหาด พัทยา : Baan Plai Haad Pattaya,"12.9697763,100.8828676,17z",12.9697763,100.8828676,17z
163,163,164.0,Sweet Box bed&amp;breakfast @ Kohlarn,"12.9147178,100.7819267,17z",12.9147178,100.7819267,17z
164,164,165.0,Samanta By The Sea,"12.9242667,100.7865966,17z",12.9242667,100.7865966,17z
165,165,166.0,THE COP Seminar &amp; Resort,"13.0255229,100.9253065,17z",13.0255229,100.9253065,17z
166,166,167.0,MASON PATTAYA,"12.8026372,100.9146779,17z",12.8026372,100.91467790000002,17z
167,167,168.0,Wong Ammat Beach,"12.9639642,100.8670547,14z",12.9639642,100.8670547,14z
168,168,169.0,Hand hotel,"13.3000241,100.8999181,17z",13.3000241,100.8999181,17z
169,169,170.0,Villa Thongbura,"12.9026711,100.8719213,17z",12.9026711,100.8719213,17z
170,170,171.0,Baan Sattahip by the sea,"12.662098,100.8959243,17z",12.662098,100.8959243,17z
171,171,172.0,The Zign Premium Villa,"12.9699906,100.8925149,17z",12.9699906,100.8925149,17z
172,172,173.0,View Talay 2b,"12.90623,100.8684328,17z",12.90623,100.8684328,17z
173,173,174.0,Paradise Park Jomtien Residence,"12.8876988,100.8840705,17z",12.8876988,100.8840705,17z
174,174,175.0,Sleep with me Pattaya,"12.9315318,100.8867023,17z",12.9315318,100.8867023,17z
175,175,176.0,Breeze Hostel &amp; Bistro,"12.9018643,100.8676795,17z",12.9018643,100.8676795,17z
176,176,177.0,Tropicana Pool Villa Pattaya,"12.8961036,100.8777586,17z",12.8961036,100.8777586,17z
177,177,178.0,Chan Resort,"12.910289,100.8723013,17z",12.910289,100.8723013,17z
178,178,179.0,Sunset Village Beach Resort ซันเซ็ทวิลเลจบีชรีสอร์ท,"12.7865628,100.9041583,17z",12.7865628,100.9041583,17z
179,179,180.0,J Park Hotel,"13.3870966,101.0147399,17z",13.3870966,101.0147399,17z
180,180,181.0,View Talay Villas Pattaya,"12.8994908,100.871677,17z",12.8994908,100.871677,17z
181,181,182.0,Nongnooch Garden Resort,"12.7670084,100.9260391,17z",12.7670084,100.9260391,17z
182,182,183.0,J Inspired Hotel,"12.9496818,100.892662,17z",12.9496818,100.892662,17z
183,183,184.0,OZO North Pattaya,"12.9493773,100.884643,17z",12.9493773,100.884643,17z
184,184,185.0,Baan Ma Now resort,"12.9153064,100.7793214,17z",12.9153064,100.7793214,17z
185,185,186.0,The MuG Resort,"13.3354992,100.9509206,17z",13.3354992,100.9509206,17z
186,186,187.0,Park Lane Jomtien Residence Rental office,"12.8887562,100.8841493,17z",12.8887562,100.8841493,17z
187,187,188.0,Avalon Beach Resort - Pattaya,"12.901015,100.8634634,17z",12.901015,100.8634634,17z
188,188,189.0,Baan On Sea,"12.5973214,100.9564591,17z",12.5973214,100.9564591,17z
189,189,190.0,View Talay 5c,"12.9012283,100.8641315,17z",12.9012283,100.8641315,17z
190,190,191.0,Warasin Resort,"12.7703326,100.7789269,11z",12.7703326,100.7789269,11z
191,191,192.0,Olive Tree Hotel โอลีฟ ทรี โฮเทล,"12.8445849,100.9062329,17z",12.8445849,100.9062329,17z
192,192,193.0,โรงแรม ซันเซ็ทพาร์ครีสอร์ทแอนด์สปา Sunset Park Resort &amp; Spa,"12.7949567,100.9081832,17z",12.7949567,100.9081832,17z
193,193,194.0,The Tung (เดอะตังค์),"12.919274,100.885164,17z",12.919274,100.885164,17z
194,194,195.0,Magadan Residence,"12.9113884,100.8593429,17z",12.9113884,100.8593429,17z
195,195,196.0,บ้านรินรักษ์​ เกาะล้าน,"12.9252426,100.7868209,17z",12.9252426,100.7868209,17z
196,196,197.0,T5 Suites @ Pattaya Thailand,"12.9161573,100.870692,17z",12.9161573,100.870692,17z
197,197,198.0,Park Lane Condominium and Resort,"12.8889686,100.8839619,17z",12.8889686,100.8839619,17z
198,198,199.0,Ploen Place Residence,"12.9469578,100.8861437,17z",12.9469578,100.8861437,17z
199,199,200.0,Phuan Naturist Village,"12.8283105,100.9564242,17z",12.8283105,100.9564242,17z
200,200,201.0,Poseidon Boutique Hotel,"12.9020471,100.8671579,17z",12.9020471,100.8671579,17z
201,201,202.0,One Patio Hotel Pattaya,"12.9482021,100.8852552,17z",12.9482021,100.8852552,17z
202,202,203.0,Long Beach Luxury Villas,"10.2739935,97.7164222,7z",10.2739935,97.7164222,7z
203,203,204.0,The Bedrooms Hostel Pattaya,"12.946607,100.8829323,17z",12.946607,100.8829323,17z
204,204,205.0,Siam Court,"12.9688174,100.9000247,17z",12.9688174,100.9000247,17z
205,205,206.0,Triple B Boutique Hotel,"13.1648513,100.9300863,17z",13.1648513,100.9300863,17z
206,206,207.0,Baan Pakdi,"12.9391148,100.8908598,17z",12.9391148,100.8908598,17z
207,207,208.0,Borussia Park,"13.7354384,100.5508587,17z",13.7354384,100.5508587,17z
208,208,209.0,Zand Morada Pattaya,"12.866324,100.8905293,17z",12.866324,100.8905293,17z
209,209,210.0,Majestic Residence Pool Villa Pattaya,"12.9169367,100.8575017,17z",12.9169367,100.8575017,17z
210,210,211.0,บ้านสวย รีสอร์ท - Baan Souy Resort,"12.911603,100.8688563,17z",12.911603,100.8688563,17z
211,211,212.0,โปร่ง ดี สลีฟ คาเฟ่ Prong D Sleep Cafe,"12.9536492,100.9910584,17z",12.9536492,100.9910584,17z
212,212,213.0,โรงแรมเอ-วัน เดอะ รอยัลครูส พัทยา,"12.9456078,100.8829444,17z",12.9456078,100.8829444,17z
213,213,214.0,4Poolvillas,"12.965339,100.8868577,17z",12.965339,100.8868577,17z
214,214,215.0,Chezzotel Pattaya,"12.9340837,100.8950643,17z",12.9340837,100.8950643,17z
215,215,216.0,Villa Villa,"13.5791008,99.7070397,8z",13.5791008,99.7070397,8z
216,216,217.0,HIDELAND Luxury Tropical Villa Pattaya - RENT VILLA PATTAYA,"12.9123836,100.8734578,17z",12.9123836,100.8734578,17z
217,217,218.0,DoubleD Boutique Apartment,"12.9346861,100.901878,17z",12.9346861,100.901878,17z
218,218,219.0,SCHNAPPS Bar &amp; Restaurant (Guest house),"-39.174369,175.3995803,17z",-39.174369,175.3995803,17z
219,219,220.0,Baan I Un Pool Villa,"13.2777121,100.9182937,17z",13.2777121,100.9182937,17z
220,220,221.0,D Xpress Apartment,"12.9338402,100.888691,17z",12.9338402,100.888691,17z
221,221,222.0,Apinya Resort อภิญญา รีสอร์ทบางเสร่,"12.7411885,100.9350174,17z",12.7411885,100.9350174,17z
222,222,223.0,Anantaya Resort,"12.8988732,100.8651132,14z",12.8988732,100.8651132,14z
223,223,224.0,Butterfly Garden Boutique Residence by Frasier,"12.9114011,100.8629304,17z",12.9114011,100.8629304,17z
224,224,225.0,บ้านเฉลียงลม เกาะล้าน,"12.9280885,100.786979,17z",12.9280885,100.786979,17z
225,225,226.0,Casalunar Paradiso Condo by KT,"13.2507231,100.9280434,17z",13.2507231,100.9280434,17z
226,226,227.0,บ้านปาณิสรา พูลวิลล่า,"12.6806866,100.938779,17z",12.6806866,100.938779,17z
227,227,228.0,Phuplaces Bangsaen,"13.295627,100.9090613,17z",13.295627,100.9090613,17z
228,228,229.0,The Pool Villa Resort &amp; Cafe Bangsaen,"13.2629949,100.9319423,17z",13.2629949,100.9319423,17z
229,229,230.0,Noursabah Pattaya,"12.9221217,100.8883924,17z",12.9221217,100.8883924,17z
230,230,231.0,Baan Bangsaray Chonburi,"12.7637837,100.8974476,17z",12.7637837,100.8974476,17z
231,231,232.0,Sugar Beat Resort,"12.910388,100.8717754,17z",12.910388,100.8717754,17z
232,232,233.0,City Garden Tropicana Condominium,"12.9610932,100.8885263,17z",12.9610932,100.8885263,17z
233,233,234.0,Loong Cheep Home Stay,"12.9195716,100.7844661,17z",12.9195716,100.7844661,17z
234,234,235.0,Koh Sichang - Charlies Bungalows,"13.1567262,100.8084222,17z",13.1567262,100.8084222,17z
235,235,236.0,PIZZA ITALY RESTAURANT AND GUEST HOUSE,"12.9281196,100.8814614,17z",12.9281196,100.8814614,17z
236,236,237.0,Chaba Hut Resort,"12.9318429,100.8845547,17z",12.9318429,100.8845547,17z
237,237,238.0,The Mangrove hotel,"12.8445891,100.9064759,17z",12.8445891,100.9064759,17z
238,238,239.0,ครัวนับดาว Nubdao Garden Resort &amp; Restaurant,"12.9117675,100.9610719,17z",12.9117675,100.9610719,17z
239,239,240.0,Koh Larn Riviera,"12.9283318,100.7862151,17z",12.9283318,100.7862151,17z
240,240,241.0,Wiz Hotel Pattaya,"12.916437,100.8677456,17z",12.916437,100.8677456,17z
241,241,242.0,Jomtien Holiday Pattaya Hotel,"12.88054,100.8668309,14z",12.88054,100.8668309,14z
242,242,243.0,View Talay 6 Pattaya,"12.9335218,100.8809891,17z",12.9335218,100.8809891,17z
243,243,244.0,J-Town,"13.3701744,100.6598177,11z",13.3701744,100.6598177,11z
244,244,245.0,BAAN PIMPISA BANGSARAY,"12.7629367,100.8881955,17z",12.7629367,100.8881955,17z
245,245,246.0,Sandbox beachfront villa,"13.0065351,100.9255821,17z",13.0065351,100.9255821,17z
246,246,247.0,Lareena Resort By The Sea Koh Larn,"12.9222891,100.7866195,17z",12.9222891,100.7866195,17z
247,247,248.0,บ้านเติมฝัน,"13.2839142,100.9142427,17z",13.2839142,100.9142427,17z
248,248,249.0,Morino Greenhills Resort,"13.1028246,101.0612009,17z",13.1028246,101.0612009,17z
249,249,250.0,De drie olifanten (the three elephants),"12.9015168,100.8709684,17z",12.9015168,100.8709684,17z
250,250,251.0,La Miniera Pool Villas Pattaya,"12.9478175,100.9303417,17z",12.9478175,100.9303417,17z
251,251,252.0,Nine Blue Residence,"12.9148218,100.8825275,17z",12.9148218,100.8825275,17z
252,252,253.0,Jasmine Resort Sriracha,"13.1602005,100.9295375,17z",13.1602005,100.9295375,17z
253,253,254.0,Beach Gallery House,"12.8770731,100.8832332,17z",12.8770731,100.8832332,17z
254,254,255.0,WaruneeVilla,"12.908703,100.9064355,17z",12.908703,100.9064355,17z
255,255,256.0,Chivani Pattaya,"12.7838746,100.9129818,17z",12.7838746,100.9129818,17z
256,256,257.0,Viva Montane,"12.7506292,100.950435,17z",12.7506292,100.950435,17z
257,257,258.0,B2 Amata Nakorn Premier Hotel / บีทู อมตะนคร พรีเมียร์,"13.4155241,101.0412898,17z",13.4155241,101.0412898,17z
258,258,259.0,Pattaya Paradise Beach Resort,"12.8029715,100.9095187,17z",12.8029715,100.9095187,17z
259,259,260.0,THE TJ RESORT PATTAYA,"12.8771831,100.8848976,17z",12.8771831,100.8848976,17z
260,260,261.0,Boomerang Rooftop Apart Hotel,"12.9677887,100.8846273,17z",12.9677887,100.8846273,17z
261,261,262.0,The Axis Pattaya Condominium,"12.9123764,100.8675342,17z",12.9123764,100.8675342,17z
262,262,263.0,BBG Seaside Luxurious Service Apartment,"13.2695044,100.9214041,17z",13.2695044,100.9214041,17z
263,263,264.0,Sea Falcon Beachside Hotel &amp; Restaurant,"12.8523238,100.8977145,17z",12.8523238,100.8977145,17z
264,264,265.0,SN CONNX,"12.9491351,100.8949878,17z",12.9491351,100.8949878,17z
265,265,266.0,Tao tee mee homestay,"13.4031159,101.0282895,17z",13.4031159,101.0282895,17z
266,266,267.0,Seven Seas Côte d'Azur,"12.860228,100.8980573,17z",12.860228,100.8980573,17z
267,267,268.0,Floral Hotel Dolphin Circle Pattaya,"12.9508509,100.8878673,17z",12.9508509,100.8878673,17z
268,268,269.0,Morino Hotel Si Racha,"13.1191259,100.9974738,17z",13.1191259,100.9974738,17z
269,269,270.0,"Global Top Group Developer Co., Ltd.","12.921404,100.8798486,17z",12.921404,100.8798486,17z
270,270,271.0,Breezy House apartment,"12.8726483,100.8867895,17z",12.8726483,100.8867895,17z
271,271,272.0,Baan Thai Lanna Pattaya บ้านไทยล้านนาพัทยา,"12.7575778,100.9023675,17z",12.7575778,100.9023675,17z
272,272,273.0,Pattaya Cantina,"12.920331,100.8736193,17z",12.920331,100.8736193,17z
273,273,274.0,BM @ Love,,#VALUE!,,
274,274,275.0,ฎชฎา รีสอร์ท บายเดอะ ซี,"12.832564,100.9077092,17z",12.832564,100.9077092,17z
275,275,276.0,The Radiance Pattaya,"12.9634901,100.8890894,17z",12.9634901,100.8890894,17z
276,276,277.0,Ban Mai Village,"12.886362,100.9026657,17z",12.886362,100.9026657,17z
277,277,278.0,Kameo hotel Amata- Bangpakong,"13.4181832,101.0014605,17z",13.4181832,101.0014605,17z
278,278,279.0,4 Palms resort,"12.7591065,100.8943941,17z",12.7591065,100.8943941,17z
279,279,280.0,Bueng Bua Thong Resort / บึงบัวทองรีสอร์ท,"12.8965288,100.8537095,12z",12.8965288,100.8537095,12z
280,280,281.0,The Gems Mining Pool Villas Pattaya,"12.9473503,100.9290707,17z",12.9473503,100.9290707,17z
281,281,282.0,Smile Resort Sriracha,"13.158837,100.9784723,17z",13.158837,100.9784723,17z
282,282,283.0,Ratchy Condo,"12.7638395,100.9007677,17z",12.7638395,100.9007677,17z
283,283,284.0,Harmony Inn,"0.662793,-15.6534726,2z",0.662793,-15.6534726,2z
284,284,285.0,Paragon Suites Resort,"12.9074095,100.8817637,17z",12.9074095,100.8817637,17z
285,285,286.0,The Cottage Resort,"11.8824148,97.3584536,7z",11.8824148,97.3584536,7z
286,286,287.0,Sunshine Resort@KOHLARN,"12.9154601,100.7838515,17z",12.9154601,100.7838515,17z
287,287,288.0,วรรณีพาโชค รีสอร์ท,"12.7582723,100.8831925,17z",12.7582723,100.8831925,17z
288,288,289.0,ปาโต้ย เฮ้าส์,"13.3987465,101.0154468,17z",13.3987465,101.0154468,17z
289,289,290.0,The Siam Guest House,"12.9313114,100.8808362,17z",12.9313114,100.8808362,17z
290,290,291.0,มนตารีสอร์ท,"12.9248658,100.7863901,17z",12.9248658,100.7863901,17z
291,291,292.0,ณภัค รีสอร์ท เกาะล้าน,"12.9246897,100.7857736,17z",12.9246897,100.78577359999998,17z
292,292,293.0,The Grass Serviced Suites Pattaya,"12.919379,100.8896484,17z",12.919379,100.8896484,17z
293,293,294.0,D Apartment,"12.93315,100.8866184,17z",12.93315,100.8866184,17z
294,294,295.0,Red Planet Pattaya,"12.9446879,100.8864794,17z",12.9446879,100.8864794,17z
295,295,296.0,JN9 Poshtel,"12.8915504,100.8740328,17z",12.8915504,100.8740328,17z
296,296,297.0,Forest Pool Villas Pattaya,"12.9064167,100.8861628,17z",12.9064167,100.8861628,17z
297,297,298.0,Phanloft Kohlarn,"12.91648,100.7791909,17z",12.91648,100.7791909,17z
298,298,299.0,KARIN HOTEL &amp; SERVICED APARTMENT,"13.1781578,100.9261137,17z",13.1781578,100.9261137,17z
299,299,300.0,SUN SKY RESORT,"12.8903542,100.8729358,17z",12.8903542,100.8729358,17z
300,300,301.0,Tamarind Exclusive Villa,"12.7442433,100.9128234,17z",12.7442433,100.9128234,17z
301,301,302.0,INTERPARK Residence Rayong (Daily-monthly),"13.020903,101.1481293,17z",13.020903,101.1481293,17z
302,302,303.0,Jomtien Hostel,"12.8906828,100.8676492,15z",12.8906828,100.8676492,15z
303,303,304.0,Plumeria serviced appartment,"12.9460004,100.8724445,14z",12.9460004,100.8724445,14z
304,304,305.0,City View Residence hotel,"13.163627,100.9247017,17z",13.163627,100.9247017,17z
305,305,306.0,G Residence,"9.4997437,98.3737919,7z",9.4997437,98.3737919,7z
306,306,307.0,S Villas Sattahip (S1),"12.7343712,100.9021744,15z",12.7343712,100.9021744,15z
307,307,308.0,Baan Kun Tuad @Si Chang,"13.1593534,100.807392,17z",13.1593534,100.807392,17z
308,308,309.0,เซอรีน แซนด์ส เฮลท์ รีสอร์ท - Serene Sands Health Resort,"13.013783,100.9267533,17z",13.013783,100.9267533,17z
309,309,310.0,Baan Chang Rescidence,"12.7863284,100.8686613,13z",12.7863284,100.8686613,13z
310,310,311.0,ที่พักสัตหีบ มันตราการ์เดนท์รีสอร์ท,"12.7118043,100.8887529,17z",12.7118043,100.8887529,17z
311,311,312.0,แอทเกาะล้าน รีสอร์ท,"12.9284931,100.7854978,17z",12.9284931,100.7854978,17z
312,312,313.0,OYO 364 Winner Sriracha Serviced Apartment,"13.1554467,100.9587253,17z",13.1554467,100.9587253,17z
313,313,314.0,สถานอบรมคริสเตียนแบ๊บติสต์ พัทยา,"12.8815827,100.8803965,17z",12.8815827,100.8803965,17z
314,314,315.0,Cowboy Farm Resort Pattaya,"12.8318754,100.9425115,17z",12.8318754,100.9425115,17z
315,315,316.0,Khao Chi Chan Homestay.,"12.7619214,100.9570558,17z",12.7619214,100.9570558,17z
316,316,317.0,The Cloud Condominium Pattaya,"12.9217715,100.8599214,17z",12.9217715,100.8599214,17z
317,317,318.0,Beston Pattaya เบสตั้น พัทยา,"12.9211827,100.8816052,17z",12.9211827,100.8816052,17z
318,318,319.0,Vtsix Condo Service at View Talay 6,"12.9337989,100.8813304,17z",12.9337989,100.8813304,17z
319,319,320.0,Na's Place,"12.7601996,100.8968121,17z",12.7601996,100.8968121,17z
320,320,321.0,W1A Jomtien,"12.88764,100.8786693,17z",12.88764,100.8786693,17z
321,321,322.0,BR Hotel &amp; Residence (โรงแรมบีอาร์),"13.288749,100.9242513,17z",13.288749,100.9242513,17z
322,322,323.0,Windy Inn Hotel,"12.9247221,100.8673815,17z",12.9247221,100.8673815,17z
323,323,324.0,Harry’s Apartments Bar &amp; Restaurant,"12.9291923,100.8822274,17z",12.9291923,100.8822274,17z
324,324,325.0,The Journey Pattaya,"12.8489928,100.9000779,17z",12.8489928,100.9000779,17z
325,325,326.0,Summer Stay,"12.6649494,100.8969512,17z",12.6649494,100.8969512,17z
326,326,327.0,Aiyara Grand Hotel,"12.9119321,100.8662383,17z",12.9119321,100.8662383,17z
327,327,328.0,Ocean View Resort,"10.3831425,98.4177453,7z",10.3831425,98.4177453,7z
328,328,329.0,ซันไชน์ รีสอร์ท เกาะล้าน,"12.9154601,100.7838515,17z",12.9154601,100.7838515,17z
329,329,330.0,Whale marina condo,"12.8664679,100.8895576,15z",12.8664679,100.8895576,15z
330,330,331.0,Pattaya Holiday House,"12.9139058,100.8733493,17z",12.9139058,100.8733493,17z
331,331,332.0,The ascent apartment,"12.0187143,99.3425666,6z",12.0187143,99.3425666,6z
332,332,333.0,YAILAND Luxury Tropical Villa Pattaya - RENT VILLA PATTAYA,"12.911479,100.8726745,17z",12.911479,100.8726745,17z
333,333,334.0,One-D Homestay,"12.702347,100.8982443,17z",12.702347,100.8982443,17z
334,334,335.0,FnB Hotel Restaurant,"12.9377949,100.8847928,17z",12.9377949,100.8847928,17z
335,335,336.0,The Cliff Residence Condominium,"12.9210046,100.8606482,17z",12.9210046,100.8606482,17z
336,336,337.0,Villa Pool Lay,"12.8657849,100.9256746,17z",12.8657849,100.9256746,17z
337,337,338.0,Jean Boutique Hotel,"12.9468822,100.8842623,17z",12.9468822,100.8842623,17z
338,338,339.0,นั่งเล่นกันไหม รีสอร์ท,"13.3431719,100.9664586,17z",13.3431719,100.9664586,17z
339,339,340.0,Chaiyapruek Suites,"12.8802867,100.8957561,17z",12.8802867,100.8957561,17z
340,340,341.0,SK RESORT PATTAYA,"12.9922392,100.9351984,17z",12.9922392,100.9351984,17z
341,341,342.0,CAPITAL O8888 Achada Pattaya,"12.9023933,100.8963098,17z",12.9023933,100.8963098,17z
342,342,343.0,kohlarn seaside,"12.9254903,100.7868406,17z",12.9254903,100.7868406,17z
343,343,344.0,Uplus Uhome,"12.9451573,100.8942219,17z",12.9451573,100.8942219,17z
344,344,345.0,OYO 828 The Blue Sky Resort,"12.9327859,100.7641558,12z",12.9327859,100.7641558,12z
345,345,346.0,Anna Residence,"12.8839664,100.8796629,17z",12.8839664,100.8796629,17z
346,346,347.0,Sunday J Resort,"13.27755,100.9178207,17z",13.27755,100.9178207,17z
347,347,348.0,davinci pattaya pool villa,"12.9011382,100.8730882,17z",12.9011382,100.8730882,17z
348,348,349.0,PRS 5993 Hotel &amp; Fitness Club,"12.9169417,100.8748838,17z",12.9169417,100.8748838,17z
349,349,350.0,บ้านสวนทิพย์ รีสอร์ท สัตหีบ,"12.6906251,100.9240355,17z",12.6906251,100.9240355,17z
350,350,351.0,View Talay Condominium 5D,"12.9029427,100.8664166,17z",12.9029427,100.8664166,17z
351,351,352.0,Baan Navy hotel,"12.9238185,100.7865042,17z",12.9238185,100.7865042,17z
352,352,353.0,Tamara Resort,"7.7518377,98.0559701,6z",7.7518377,98.05597009999998,6z
353,353,354.0,Dhanakarn Hotel,"13.3679283,101.0590246,11.21z",13.3679283,101.0590246,11.21z
354,354,355.0,Guesthouse Pattaya-City,"12.9326389,100.8877752,17z",12.9326389,100.8877752,17z
355,355,356.0,Hyde Park 2,"12.9181976,100.8687844,17z",12.9181976,100.8687844,17z
356,356,357.0,"Daratalay, Jomtien - ดาราทะเล, จอมเทียน","12.88445,100.8785283,17z",12.88445,100.8785283,17z
357,357,358.0,PJ Inn Pattaya,"12.93722,100.8886453,17z",12.93722,100.8886453,17z
358,358,359.0,Patamnak Beach Guesthouse,"12.9110782,100.8581799,17z",12.9110782,100.8581799,17z
359,359,360.0,By Dee @ Jomtien,"12.8978469,100.8660771,17z",12.8978469,100.8660771,17z
360,360,361.0,C Y HOTEL &amp; RESIDENCE,"13.1101279,100.9694722,17z",13.1101279,100.9694722,17z
361,361,362.0,Nieuw Vlaanderen,"12.9286392,100.8814279,17z",12.9286392,100.8814279,17z
362,362,363.0,Sala villas,"12.9108586,100.8717321,17z",12.9108586,100.8717321,17z
363,363,364.0,De Amber,"12.7746398,100.9050645,15z",12.7746398,100.9050645,15z
364,364,365.0,Adrian View Resort,"13.1639737,100.7997896,17z",13.1639737,100.7997896,17z
365,365,366.0,Baan Sunset Resort,"12.9295894,100.9633972,17z",12.9295894,100.9633972,17z
366,366,367.0,Laguna Beach Resort 2,"12.899412,100.8764383,17z",12.899412,100.8764383,17z
367,367,368.0,Jomtien Beach Paradise Hotel,"12.875722,100.8872213,17z",12.875722,100.8872213,17z
368,368,369.0,Sindy Rooms &amp; Hostel Pattaya,"12.94654,100.8871345,17z",12.94654,100.8871345,17z
369,369,370.0,BangSaray Beach Condominium,"12.7650004,100.8946784,17z",12.7650004,100.8946784,17z
370,370,371.0,Thanakarn Apartment,"13.4149297,101.0660167,17z",13.4149297,101.0660167,17z
371,371,372.0,Novana Residence,"12.9207025,100.8760441,16z",12.9207025,100.8760441,16z
372,372,373.0,Beachwalk Boutique Resort &amp; Beachwalk Hostel บีชวอล์คบูทีครีสอร์ท และ บีชวอล์คโฮสเทล,"13.2407205,100.9285848,17z",13.2407205,100.9285848,17z
373,373,374.0,Benjaporn Bungalow,"13.1573475,100.808888,17z",13.1573475,100.808888,17z
374,374,375.0,Tropicana Villa Jomtien Beach,"12.8958713,100.877613,17z",12.8958713,100.877613,17z
375,375,376.0,Bed n Bev,"12.9118748,100.8673562,17z",12.9118748,100.8673562,17z
376,376,377.0,I-Destiny Gallery Resort,"13.4540373,101.1731597,17z",13.4540373,101.1731597,17z
377,377,378.0,Harry's Place,"8.3744018,96.6004253,6z",8.3744018,96.6004253,6z
378,378,379.0,Nightstar,"12.9262526,100.8748125,15z",12.9262526,100.8748125,15z
379,379,380.0,United Place,"13.283721,100.9160743,17z",13.283721,100.9160743,17z
380,380,381.0,BBlack Residence,"13.3233261,100.9611845,17z",13.3233261,100.9611845,17z
381,381,382.0,OYO 824 Valida Resort,"12.9151115,100.8856353,17z",12.9151115,100.8856353,17z
382,382,383.0,โฮมเพลส ห้องพักหรูรายวัน Homeplace,"14.5430889,100.633157,8z",14.5430889,100.633157,8z
383,383,384.0,Suankaew Art Cottage,"13.2134399,101.0021982,17z",13.2134399,101.0021982,17z
384,384,385.0,Vichy Villa Pattaya,"12.8820453,100.8922609,17z",12.8820453,100.8922609,17z
385,385,386.0,บ้านตัวต่อรีสอร์ท,"12.6918999,100.8922626,17z",12.6918999,100.8922626,17z
386,386,387.0,Chilling Home,"12.9103144,100.8660812,17z",12.9103144,100.8660812,17z
387,387,388.0,Kram Pattaya - คราม พัทยา,"12.9710949,100.9011507,17z",12.9710949,100.9011507,17z
388,388,389.0,Light House Resort,"12.6781516,99.7601008,6z",12.6781516,99.7601008,6z
389,389,390.0,Happy House บางแสน,"13.2845019,100.9175667,17z",13.2845019,100.9175667,17z
390,390,391.0,White Sand Beach Residences Pattaya,"12.8348564,100.9099366,17z",12.8348564,100.9099366,17z
391,391,392.0,Beach House Camp,"12.8440899,100.902075,17z",12.8440899,100.902075,17z
392,392,393.0,OUR PLACE. PA PA KAI JOMTIEN.,"12.8847464,100.8805929,15z",12.8847464,100.8805929,15z
393,393,394.0,Horsehill Hotel Sriracha,"13.1560726,100.9189779,17z",13.1560726,100.91897790000002,17z
394,394,395.0,SKAMA RESIDENCY,"12.9216042,100.8755644,17z",12.9216042,100.8755644,17z
395,395,396.0,Baan der Bruyn,"12.880997,100.8847334,17z",12.880997,100.8847334,17z
396,396,397.0,Malarer Boutique Hostel,"13.3001898,100.8984566,17z",13.3001898,100.8984566,17z
397,397,398.0,Authong Residence,"12.9589181,100.8957272,17z",12.9589181,100.8957272,17z
398,398,399.0,Nemo's Guesthouse and Massage,"12.9293737,100.8820352,17z",12.9293737,100.8820352,17z
399,399,400.0,SYLVIA VILLA PATTAYA By DDM SIAM,"12.861535,100.9421123,17z",12.861535,100.9421123,17z
400,400,401.0,Wong Amat Beach Pattaya,"12.964305,100.8813585,16z",12.964305,100.8813585,16z
401,401,402.0,Honey House 3,"13.3048689,100.445195,10z",13.3048689,100.445195,10z
402,402,403.0,W14 Hotel,"12.9263946,100.8721896,17z",12.9263946,100.8721896,17z
403,403,404.0,May Hotel,"13.2823011,97.1143163,6z",13.2823011,97.1143163,6z
404,404,405.0,Pattaya Hill,"12.9135423,100.8617153,16z",12.9135423,100.8617153,16z
405,405,406.0,Marsi Pattaya,"12.922332,100.8608138,17z",12.922332,100.8608138,17z
406,406,407.0,The Violin Sriracha,"13.1162169,100.9122099,17z",13.1162169,100.9122099,17z
407,407,408.0,พีเค ปาร์ค บางพระ(โรงแรม ที่พัก),"13.2069332,100.9409132,17z",13.2069332,100.9409132,17z
408,408,409.0,Rachawadee Resort Moonlight,"12.9181697,100.7844205,17z",12.9181697,100.7844205,17z
409,409,410.0,JOOPLAND Luxury Tropical Villa Pattaya - RENT VILLA PATTAYA,"12.9120176,100.873329,17z",12.9120176,100.873329,17z
410,410,411.0,Blue Lagoon Pool Villa Resort,"12.9281817,100.9369634,17z",12.9281817,100.9369634,17z
411,411,412.0,Malee House &amp; Restaurant,"12.9281738,100.8836773,17z",12.9281738,100.8836773,17z
412,412,413.0,Peace Resort By MIG,"12.9483194,100.9169626,17z",12.9483194,100.9169626,17z
413,413,414.0,OYO 75328 Punjabi Junction,"12.9363239,100.8826868,17z",12.9363239,100.8826868,17z
414,414,415.0,OK Resort,"13.7551757,99.8477969,9z",13.7551757,99.8477969,9z
415,415,416.0,Siam Royal Ocean View,"12.9124624,100.8648074,17z",12.9124624,100.8648074,17z
416,416,417.0,Innara Hotel,"12.905799,100.8878088,17z",12.905799,100.8878088,17z
417,417,418.0,The Tara residence,"12.9023252,100.8951203,17z",12.9023252,100.8951203,17z
418,418,419.0,Nordic Tropical Resort,"12.741279,100.8870433,17z",12.741279,100.8870433,17z
419,419,420.0,yudee pool villa,"12.8503628,100.9331022,17z",12.8503628,100.9331022,17z
420,420,421.0,Swiss Sheep Farm Resort Pattaya,"12.7727659,100.9436076,17z",12.7727659,100.9436076,17z
421,421,422.0,บ้านไร่ภูฟ้า รีสอร์ท สัตหีบ,"12.729543,100.9207743,17z",12.729543,100.9207743,17z
422,422,423.0,The Chic Hotel Pattaya,"12.9335118,100.8938417,17z",12.9335118,100.8938417,17z
423,423,424.0,Sunshine Beach Condotel,"12.8356261,100.9071953,17z",12.8356261,100.9071953,17z
424,424,425.0,Seabreeze Villa Pattaya,"13.0092954,100.9272712,17z",13.0092954,100.9272712,17z
425,425,426.0,บ้านสวนนิสา,"12.7130199,100.8971118,17z",12.7130199,100.8971118,17z
426,426,427.0,นารีตะแอทอมตะ NARITA@amata,"13.4307546,101.0403465,17z",13.4307546,101.0403465,17z
427,427,428.0,The View Cosy Beach by Pattaya Sunny Rentals,"12.9186074,100.8588351,17z",12.9186074,100.8588351,17z
428,428,429.0,Somjainuk Resort,"13.0037837,101.1053034,13z",13.0037837,101.1053034,13z
429,429,430.0,Garden Beer Bar and Guesthouse,"12.928018,100.8814103,17z",12.928018,100.8814103,17z
430,430,431.0,Life is Goood,"12.889766,100.880237,15z",12.889766,100.880237,15z
431,431,432.0,เวียงสุพรรีสอร์ท รายวัน/รายเดือน,"13.0567056,100.9755671,17z",13.0567056,100.9755671,17z
432,432,433.0,Nalanna condo Pattaya,"12.9458009,100.899383,17z",12.9458009,100.899383,17z
433,433,434.0,Tassana Place Samet ทัศนาเพลส เสม็ด,"13.328218,100.9502887,17z",13.328218,100.9502887,17z
434,434,435.0,MYTH Koh Larn resort bar&amp; bistro,"12.9125782,100.7773283,17z",12.9125782,100.7773283,17z
435,435,436.0,Thai Crystal Resident,"13.222013,100.9343353,17z",13.222013,100.9343353,17z
436,436,437.0,Hotel Pius Place,"12.921426,100.8751153,17z",12.921426,100.8751153,17z
437,437,438.0,Maxxcity Condotel,"12.9286618,100.8924713,17z",12.9286618,100.8924713,17z
438,438,439.0,Jellyfish house,"12.897862,100.8669527,17z",12.897862,100.8669527,17z
439,439,440.0,Pattaya Garden Apartments,"12.9119439,100.8683708,17z",12.9119439,100.8683708,17z
440,440,441.0,Leelawadee Pool Villa,"12.7645288,100.9074323,17z",12.7645288,100.9074323,17z
441,441,442.0,Beachwalk Jomtien โรงแรม บีชวอล์คจอมเทียน,"12.884188,100.8804253,17z",12.884188,100.8804253,17z
442,442,443.0,Miyabi Resort kohlarn,"12.9170122,100.7803048,17z",12.9170122,100.7803048,17z
443,443,444.0,XQ Pattaya Hotel,"12.9467244,100.8854967,17z",12.9467244,100.8854967,17z
444,444,445.0,The One Apartments,"13.1850801,100.2084717,8z",13.1850801,100.2084717,8z
445,445,446.0,Hansa Paradise Hill Pool Villa,"12.8872517,100.9127933,17z",12.8872517,100.9127933,17z
446,446,447.0,ViewTalay Residence 6 Pattaya,"12.9573622,100.8848816,17z",12.9573622,100.8848816,17z
447,447,448.0,Royal Park Apartments,"12.9046107,100.8697031,17z",12.9046107,100.8697031,17z
448,448,449.0,บ้านวิโรจน์ เกาะล้าน (BaanVirog Kohlarn),"12.9264016,100.7866656,17z",12.9264016,100.7866656,17z
449,449,450.0,Apartment X5,"12.829663,100.8969097,12.46z",12.829663,100.8969097,12.46z
450,450,451.0,Richman Poorman Guesthouse,"12.8903043,100.8728875,17z",12.8903043,100.8728875,17z
451,451,452.0,The Feelture Condominium,"12.8631643,100.9023151,17z",12.8631643,100.9023151,17z
452,452,453.0,Baan Sooksiri Bangsaray,"12.7584912,100.8980016,17z",12.7584912,100.8980016,17z
453,453,454.0,Club Royal Condominium,"12.9689502,100.8858641,17z",12.9689502,100.8858641,17z
454,454,455.0,Tsix5 Phenomenal Hotel Pattaya,"12.9702345,100.8950058,17z",12.9702345,100.8950058,17z
455,455,456.0,Sweethearts Bar,"13.3340109,100.4391407,10z",13.3340109,100.4391407,10z
456,456,457.0,Jomtien Morningstar Guest House,"12.883422,100.8803373,17z",12.883422,100.8803373,17z
457,457,458.0,ALLEYWAY GUEST HOUSE,"12.8993101,100.8684843,17z",12.8993101,100.8684843,17z
458,458,459.0,VN Residences 3,"12.9122254,100.8603114,17z",12.9122254,100.8603114,17z
459,459,460.0,Baan Kaew Resort,"12.9665391,100.8987789,17z",12.9665391,100.8987789,17z
460,460,461.0,Baaningmorn Sattahip,"12.6656686,100.9247317,17z",12.6656686,100.9247317,17z
461,461,462.0,Maden House - Luxury Rooms For Rent,"12.923932,100.8785373,17z",12.923932,100.8785373,17z
462,462,463.0,"The Pinewood Residences, Pattaya","12.9421304,100.8863421,17z",12.9421304,100.8863421,17z
463,463,464.0,RL Residences,"12.9121746,100.8661789,17z",12.9121746,100.8661789,17z
464,464,465.0,Siam@Sea Resort,"12.8149326,100.9121945,17z",12.8149326,100.9121945,17z
465,465,466.0,Trebel Service Apartment,"12.9241463,100.8769115,17z",12.9241463,100.8769115,17z
466,466,467.0,The Colored House Jomtien,"12.8795578,100.8903898,17z",12.8795578,100.8903898,17z
467,467,468.0,Pattayanorndee,"12.8840611,100.8797859,17z",12.8840611,100.8797859,17z
468,468,469.0,Has Pattaya Hotel,"12.9156031,100.8647163,17z",12.9156031,100.8647163,17z
469,469,470.0,A-One New Wing Hotel,"12.9455338,100.8840587,17z",12.9455338,100.8840587,17z
470,470,471.0,Baan Pattaya Plus,"12.9478349,100.8906654,17z",12.9478349,100.8906654,17z
471,471,472.0,Koh Larn F.C.,"12.915552,100.7829373,17z",12.915552,100.7829373,17z
472,472,473.0,Na Jomtien Beachfront Villa,"12.8408212,100.8869084,14z",12.8408212,100.8869084,14z
473,473,474.0,Pattaya View Point,"12.9062747,100.8617422,14z",12.9062747,100.8617422,14z
474,474,475.0,Mahi Guest House &amp; Restaurant,"12.9284748,100.8740902,17z",12.9284748,100.8740902,17z
475,475,476.0,"Divinity beachfront villa 6 bedrooms in Jomtian beach, Pattaya","12.8572336,100.8959073,17z",12.8572336,100.8959073,17z
476,476,477.0,The Train Resort - Sauna in Jomtien,"12.9002789,100.8941056,17z",12.9002789,100.8941056,17z
477,477,478.0,The Vega Resort,"13.0442495,100.9306497,17z",13.0442495,100.9306497,17z
478,478,479.0,๋JP House,"12.8975574,100.8678267,17z",12.8975574,100.8678267,17z
479,479,480.0,The Paradise Residence 2,"12.8971241,100.8696393,17z",12.8971241,100.8696393,17z
480,480,481.0,Unique Paradise Resort,"12.8016576,100.9566201,17z",12.8016576,100.9566201,17z
481,481,482.0,@Sleep Hotel,"13.7784921,100.5607566,14z",13.7784921,100.5607566,14z
482,482,483.0,Royal Thai Residence,"12.904609,100.8829503,17z",12.904609,100.8829503,17z
483,483,484.0,Stefans Guesthouse,"12.897076,100.8674413,17z",12.897076,100.8674413,17z
484,484,485.0,Hotel Kuretakeso Sriracha,"13.1657428,100.9274919,17z",13.1657428,100.9274919,17z
485,485,486.0,Altera Hotel and Residence,"12.9409537,100.8874791,17z",12.9409537,100.8874791,17z
486,486,487.0,BEN &amp; LEK GUESTHOUSE,"12.9138282,100.8792482,17z",12.9138282,100.8792482,17z
487,487,488.0,Nalanta Pattaya,"12.9311459,100.8853342,17z",12.9311459,100.8853342,17z
488,488,489.0,Ryan's Bar,"12.9549158,100.8881059,17z",12.9549158,100.8881059,17z
489,489,490.0,Maytara Hotel &amp; Spa,"12.931428,100.8802613,17z",12.931428,100.8802613,17z
490,490,491.0,Siam Penthouse Condominium 3,"12.968341,100.8818893,17z",12.968341,100.8818893,17z
491,491,492.0,Bluebird Inn-Pattaya,"12.9276217,100.883928,17z",12.9276217,100.883928,17z
492,492,493.0,The Piano Condo,"13.1156668,100.9122168,17z",13.1156668,100.9122168,17z
493,493,494.0,รุ่งโรจน์ พาณิชย์,"13.283039,100.9146083,17z",13.283039,100.9146083,17z
494,494,495.0,The Siam Place Pool Villa,"12.9343281,100.9328263,17z",12.9343281,100.9328263,17z
495,495,496.0,Sea Breeze Residence,"12.7710334,100.6831652,9z",12.7710334,100.6831652,9z
496,496,497.0,The Palm Delight Lodge,"12.8953018,100.8681755,17z",12.8953018,100.8681755,17z
497,497,498.0,JP Villa Hotel,"12.9549701,100.8973592,17z",12.9549701,100.8973592,17z
498,498,499.0,Bangsaray Villa Resort,"12.7520594,100.9098512,17z",12.7520594,100.9098512,17z
499,499,500.0,Baan Shinjitsu บ้านชินจิสึ,"12.9695704,100.8894655,17z",12.9695704,100.8894655,17z
500,500,501.0,Westbury Residence,"12.91298,100.8655193,17z",12.91298,100.8655193,17z
501,501,502.0,Pattaya Condotel,"12.8994075,100.8476328,13z",12.8994075,100.8476328,13z
502,502,503.0,Rimtalay Angsila Guesthouse,"13.3379408,100.9367205,17z",13.3379408,100.9367205,17z
503,503,504.0,ออร่าวินเทจ รีสอร์ท Auravintage Resort,"12.9561134,100.9823031,17z",12.9561134,100.9823031,17z
504,504,505.0,Happy Bou Jomtien แฮปปี้ บู จอมเทียน,"12.8854138,100.878901,17z",12.8854138,100.878901,17z
505,505,506.0,nomad bed.bar,"12.9143694,100.7806654,17z",12.9143694,100.7806654,17z
506,506,507.0,Yiasu Serviced Apartments,"12.8675248,100.8923493,17z",12.8675248,100.8923493,17z
507,507,508.0,Sriwipha Boutique Pattaya,"12.9392215,100.8974219,17z",12.9392215,100.8974219,17z
508,508,509.0,Bunny Hill Resort,"12.6764174,100.9155085,17z",12.6764174,100.9155085,17z
509,509,510.0,Romruedee Resort - โรงแรมร่มฤดี รีสอร์ท,"12.679984,100.8946843,17z",12.679984,100.8946843,17z
510,510,511.0,ck resort pattaya,"12.9442606,100.9129113,17z",12.9442606,100.9129113,17z
511,511,512.0,Hotel The Chillax Pattaya,"12.9128897,100.8672733,17z",12.9128897,100.8672733,17z
512,512,513.0,Z by Zing,"12.884085,100.8813883,17z",12.884085,100.8813883,17z
513,513,514.0,Yim Hostel Co. Ltd.,"12.8790511,100.8892451,17z",12.8790511,100.88924509999998,17z
514,514,515.0,Sea Horse Pattaya Room For Rent,"12.9098535,100.8645168,17z",12.9098535,100.8645168,17z
515,515,516.0,Sangwan Guest House,"12.9207059,100.873623,17z",12.9207059,100.873623,17z
516,516,517.0,De Blue Condo,"12.9115727,100.8919328,17z",12.9115727,100.8919328,17z
517,517,518.0,Vanida Antique Home,"12.8270718,100.7614531,11z",12.8270718,100.7614531,11z
518,518,519.0,Venetian Pattaya By Pany,"12.8635234,100.8995737,17z",12.8635234,100.8995737,17z
519,519,520.0,New Star Hotel,"12.9302552,100.8821947,15z",12.9302552,100.8821947,15z
520,520,521.0,แฮปปี้เลิฟ 1 เกาะล้าน,"12.9201392,100.7825215,16z",12.9201392,100.7825215,16z
521,521,522.0,Golden Hut Pattaya (Official),"12.9598699,100.9863821,17z",12.9598699,100.9863821,17z
522,522,523.0,A&amp;B Apartment,"12.5599273,99.9592107,17z",12.5599273,99.9592107,17z
523,523,524.0,Pig in wings,"12.922264,100.8825541,15z",12.922264,100.8825541,15z
524,524,525.0,East Suites Jomtien,"12.901301,100.8666683,17z",12.901301,100.8666683,17z
525,525,526.0,The Complete Sriracha,"13.1556762,100.9763981,17z",13.1556762,100.9763981,17z
526,526,527.0,บ้านแก้ว Baan Kaew Ruen Kwan,"13.9959048,100.373066,7z",13.9959048,100.373066,7z
527,527,528.0,Diamond City Place,"12.9237495,100.8794239,17z",12.9237495,100.8794239,17z
528,528,529.0,D.D. Inn Guesthouse &amp; Hostel,"12.899002,100.8646773,17z",12.899002,100.8646773,17z
529,529,530.0,เจิดจรัส รีสอร์ท โรงแรม24ช.ม.,"13.3356363,101.1118997,17z",13.3356363,101.1118997,17z
530,530,531.0,ภูแสนดาว รีสอร์ท @สัตหีบ,"12.6717853,100.9257826,17z",12.6717853,100.9257826,17z
531,531,532.0,โรงแรมนั่งเล่น,"13.3862621,101.0120448,17z",13.3862621,101.0120448,17z
532,532,533.0,JJ RESIDENCE,"13.0101608,100.8659077,10z",13.0101608,100.8659077,10z
533,533,534.0,Blue Garden Resort Pattaya บลู การ์เด้น รีสอร์ท พัทยา,"12.9023673,100.8970918,17z",12.9023673,100.8970918,17z
534,534,535.0,OYO 970 Ban Kala Resort And Homestay,"12.9822065,100.9105883,13z",12.9822065,100.9105883,13z
535,535,536.0,OYO 850 Central Pattaya Residence,"12.9344925,100.8942583,17z",12.9344925,100.8942583,17z
536,536,537.0,Chaiyapoon Inn Hotel,"12.9282964,100.8846355,17z",12.9282964,100.8846355,17z
537,537,538.0,The Garden Place Pattaya,"12.9376544,100.8870615,17z",12.9376544,100.8870615,17z
538,538,539.0,Ban Suan Mee Sakul Resort,"12.7378589,100.9421106,17z",12.7378589,100.9421106,17z
539,539,540.0,Neta Resort Pattaya,"12.9271955,100.8783532,17z",12.9271955,100.8783532,17z
540,540,541.0,Prima House,"13.7790577,100.5771303,17z",13.7790577,100.5771303,17z
541,541,542.0,J&amp;Y Lodge Hotel,"13.4144187,100.9963022,17z",13.4144187,100.9963022,17z
542,542,543.0,Chitra Suite,"12.9333199,100.8896472,17z",12.9333199,100.8896472,17z
543,543,544.0,บ้านทะเล,"13.6509892,100.3624148,10z",13.6509892,100.3624148,10z
544,544,545.0,bb Grand Residence Pattaya,"12.9396768,100.8968854,17z",12.9396768,100.8968854,17z
545,545,546.0,OYO 276 The Resort Chonburi,"13.3491975,100.994572,17z",13.3491975,100.994572,17z
546,546,547.0,Shanghai Guesthouse,"9.1674077,98.3647302,7z",9.1674077,98.3647302,7z
547,547,548.0,SAB Residence,"12.91151,100.8683418,17z",12.91151,100.8683418,17z
548,548,549.0,Jomtien Plaza Residence,"12.899719,100.8673754,17z",12.899719,100.8673754,17z
549,549,550.0,OYO 350 Mae Saeng Place,"13.2231753,100.9362896,17z",13.2231753,100.9362896,17z
550,550,551.0,Ake Apartment,"13.4434384,100.1095661,9z",13.4434384,100.1095661,9z
551,551,552.0,OYO 898 Sota Residence,"12.909715,100.8599763,17z",12.909715,100.8599763,17z
552,552,553.0,Suppamitr Villa Hotel,"12.9271807,100.8877871,17z",12.9271807,100.8877871,17z
553,553,554.0,อาร์.เจ.แมนชั่น ห้องพัก รายวัน รายเดือน,"13.0364462,101.0829558,17z",13.0364462,101.0829558,17z
554,554,555.0,NARASIRI RESORT,"13.3097705,101.1783763,17z",13.3097705,101.1783763,17z
555,555,556.0,Leela One,"12.9037268,100.8798393,15.67z",12.9037268,100.8798393,15.67z
556,556,557.0,Ice Inn,"12.9291611,100.8749835,16z",12.9291611,100.8749835,16z
557,557,558.0,Sawasdee Sabai,"12.9315634,100.8817817,17z",12.9315634,100.8817817,17z
558,558,559.0,"ROYAL INN ,KITCHEN &amp; BAR","12.9280964,100.8745712,17z",12.9280964,100.8745712,17z
559,559,560.0,DE Apartment,"12.9224968,100.8759598,17z",12.9224968,100.8759598,17z
560,560,561.0,เคทู เกสเฮาส์(K2 GUESTHOUSE),"13.3065569,100.9530823,17z",13.3065569,100.9530823,17z
561,561,562.0,Sea Moscow,"12.9106132,100.8574523,17z",12.9106132,100.8574523,17z
562,562,563.0,Crocodile Bar,"25.5194059,30.7521128,3z",25.5194059,30.752112800000006,3z
563,563,564.0,Pattaya Inn Hotel,"12.9367744,100.8808117,17z",12.9367744,100.8808117,17z
564,564,565.0,The Moonlight place,"12.9304737,100.882965,17z",12.9304737,100.882965,17z
565,565,566.0,Pattaya Garden Hotel,"12.9551387,100.8867786,17z",12.9551387,100.8867786,17z
566,566,567.0,B2 Hotel South Pattaya,"12.9222671,100.8819506,17z",12.9222671,100.8819506,17z
567,567,568.0,Joy And Fun,"1.380334,-26.5142339,2z",1.380334,-26.5142339,2z
568,568,569.0,Meerak Vintage@Pattaya,"12.905431,100.8946764,17z",12.905431,100.8946764,17z
569,569,570.0,Deeden Pattaya Resort,"12.9126605,100.8832979,17z",12.9126605,100.8832979,17z
570,570,571.0,P Plus Hotel,"12.929568,100.8840745,17z",12.929568,100.8840745,17z
571,571,572.0,Mosaik Apartment Pattaya,"12.9231221,100.876158,17z",12.9231221,100.876158,17z
572,572,573.0,The Privi Hotel,"12.9296798,100.8780401,17z",12.9296798,100.8780401,17z
573,573,574.0,โพวา เรสซิเด็นซ์,"13.3165689,100.9582786,17z",13.3165689,100.9582786,17z
574,574,575.0,Natural Beach Hotel,"12.933032,100.8784393,17z",12.933032,100.8784393,17z
575,575,576.0,Nong Guest House,"12.9103241,100.8659652,17z",12.9103241,100.8659652,17z
576,576,577.0,Phratamnak Inn,"12.915308,100.8567073,17z",12.915308,100.8567073,17z
577,577,578.0,OYO 477 Sriracha Hotel And Spa,"13.1889496,100.9303696,17z",13.1889496,100.9303696,17z
578,578,579.0,Green Hotel South Pattaya,"12.9231541,100.8808346,17z",12.9231541,100.8808346,17z
579,579,580.0,La Canteena,"12.9225077,100.8806897,17z",12.9225077,100.8806897,17z
580,580,581.0,English Rose Guesthouse,"12.9287453,100.8836379,17z",12.9287453,100.8836379,17z
581,581,582.0,OYO 784 Brown Home Sattahip,"12.7057546,100.8913564,17z",12.7057546,100.8913564,17z
582,582,583.0,T.Sleep Place,"12.9213695,100.8902215,17z",12.9213695,100.8902215,17z
583,583,584.0,OYO 1018 Pikul Yoo Suk Resort,"13.0689665,100.9173968,17z",13.0689665,100.9173968,17z
584,584,585.0,Seedling House,"12.927866,100.8765611,17z",12.927866,100.8765611,17z
585,585,586.0,เกสท์เฮ้าส์ บ้านเรา,"13.2908728,100.9115578,17z",13.2908728,100.9115578,17z
586,586,587.0,OYO 440 Season 5 Residence,"13.1339247,100.9830446,14z",13.1339247,100.9830446,14z
587,587,588.0,Sötnos Guesthouse,"12.8976574,100.8669418,17z",12.8976574,100.8669418,17z
588,588,589.0,The Collection Residence,"12.88711,100.8780413,17z",12.88711,100.8780413,17z
589,589,590.0,Neo Hotel,"9.9436288,98.4273298,7z",9.9436288,98.4273298,7z
590,590,591.0,OYO 963 Sunshine Guesthouse,"12.897064,100.8672783,17z",12.897064,100.8672783,17z
591,591,592.0,OYO 940 Phirm Resort,"12.6890199,100.8967789,17z",12.6890199,100.89677890000002,17z
592,592,593.0,OYO 1028 The Panowla Residence,"12.9297674,100.8772373,17z",12.9297674,100.8772373,17z
593,593,594.0,D@SEA HOTEL,"12.860915,100.8918778,14z",12.860915,100.8918778,14z
594,594,595.0,Jomtien Longstay Hotel,"12.9014842,100.8687588,17z",12.9014842,100.8687588,17z
595,595,596.0,Pxpress Hotel,"13.1664943,100.927051,17z",13.1664943,100.927051,17z
596,596,597.0,Seabreeze,"12.9037197,100.2928028,8z",12.9037197,100.2928028,8z
597,597,598.0,KKinn South Pattaya,"12.925039,100.8714083,17z",12.925039,100.8714083,17z
598,598,599.0,มีรัก รีสอร์ท,"12.7455698,99.8659749,9z",12.7455698,99.8659749,9z
599,599,600.0,OYO 944 Review Resort,"12.7246977,100.8959099,12z",12.7246977,100.8959099,12z
600,600,601.0,รสริน ซีวิว 2,"12.9643855,100.9060738,17z",12.9643855,100.9060738,17z
601,601,602.0,Scandalic Bar and Rooms,"12.9317183,100.8819907,17z",12.9317183,100.8819907,17z
602,602,603.0,OYO 497 The Balagus Hotel,"12.9601481,100.9175907,17z",12.9601481,100.9175907,17z
603,603,604.0,The Balagus Hotel,"12.9601352,100.9175817,17z",12.9601352,100.9175817,17z
604,604,605.0,diyana residence,"12.9206301,100.8737789,17z",12.9206301,100.8737789,17z
605,605,606.0,D&amp;E アパートメント,"13.6511488,100.6075904,13z",13.6511488,100.6075904,13z
606,606,607.0,Hagone-Condotel,"12.9080883,100.8798846,17z",12.9080883,100.8798846,17z
607,607,608.0,OYO 438 Home 24,"12.9391362,100.8894028,17z",12.9391362,100.8894028,17z
608,608,609.0,OYO 878 Sintara Residence,"12.9369953,100.8953474,17z",12.9369953,100.8953474,17z
609,609,610.0,OYO 1030 Cd Mansion,"12.9096027,100.8859283,17z",12.9096027,100.8859283,17z
610,610,611.0,Artem's Guest House,"12.8977901,100.8680236,17z",12.8977901,100.8680236,17z
611,611,612.0,B-Black Hotel,"13.3233568,100.9611904,17z",13.3233568,100.9611904,17z
612,612,613.0,Jomtien View Paradise,"12.8844671,100.8780801,17z",12.8844671,100.8780801,17z
613,613,614.0,Maliblue Guesthouse,"10.3898777,96.796154,6z",10.3898777,96.796154,6z
614,614,615.0,OYO Brown Home Sattahip,"12.7017333,100.8878952,16z",12.7017333,100.8878952,16z
615,615,616.0,OYO 939 69 Resort,"13.0754975,100.9275565,17z",13.0754975,100.9275565,17z
616,616,617.0,OYO 1066 Encore Sea Side,"12.925599,100.8702178,17z",12.925599,100.8702178,17z
617,617,618.0,OYO 1164 Sk Apartment,"12.9263684,100.8821457,15z",12.9263684,100.8821457,15z
618,618,619.0,OYO 75329 Phensri Apartment,"12.933124,100.881098,14z",12.933124,100.881098,14z
619,619,620.0,Inn Lucky,"12.884212,100.8781342,17z",12.884212,100.8781342,17z
620,620,621.0,OYO 1079 Ban Wongdarin,"12.66505,100.8968423,17z",12.66505,100.8968423,17z
621,621,622.0,OYO 75383 Danthip Place,"12.9319126,100.8859363,14z",12.9319126,100.8859363,14z
622,622,623.0,OYO 1165 UMA Apartment,"12.9388923,100.8721729,14z",12.9388923,100.8721729,14z
623,623,624.0,G.P.M Resort Pattaya,"12.9061934,100.8583606,13z",12.9061934,100.8583606,13z
624,624,625.0,OYO 779 Kanum Kanoon Resort,"12.8336731,100.9306068,17z",12.8336731,100.9306068,17z
625,625,626.0,OYO 1152 Hongpak Mint,"13.2840129,100.9141345,17z",13.2840129,100.9141345,17z
626,626,627.0,Jamrujee Home,"12.6678253,100.9337722,17z",12.6678253,100.9337722,17z
627,627,628.0,OYO 1099 Star House,"12.93701,100.8841863,17z",12.93701,100.8841863,17z
628,628,629.0,Friendly Guesthouse,"12.874585,100.8863194,17z",12.874585,100.8863194,17z
629,629,630.0,Love Time inn,"12.9307229,100.8726739,14z",12.9307229,100.8726739,14z
630,630,631.0,PATTAYA Resorts,"12.8628296,100.8324883,12z",12.8628296,100.8324883,12z
631,631,632.0,PS Apartment,"13.6243437,100.4744853,10z",13.6243437,100.4744853,10z
632,632,633.0,Maharani Guesthouse,"12.9272176,100.8729518,16z",12.9272176,100.8729518,16z
633,633,634.0,OYO 347 Southside Residence,"12.9224331,100.8805408,17z",12.9224331,100.8805408,17z
634,634,635.0,OYO 811 Jasmine Villa,"12.9303352,100.8835621,17z",12.9303352,100.8835621,17z
635,635,636.0,Dhanakarn5 Hotel,"13.4104316,101.0842751,14z",13.4104316,101.0842751,14z
636,636,637.0,OYO 970 Ban Kala Resort and Homestay,"12.9822065,100.9105883,13z",12.9822065,100.9105883,13z
637,637,638.0,OYO 698 Pattaya City,"12.9210606,100.9133826,17z",12.9210606,100.9133826,17z
638,638,639.0,Mao Room for Rent,"12.8969055,100.8671978,17z",12.8969055,100.8671978,17z
639,639,640.0,Southernstar Resort Pattaya,"12.9682308,100.8921089,17z",12.9682308,100.8921089,17z
640,640,641.0,OYO 836 PK Residence,"12.6715053,100.9039616,17z",12.6715053,100.9039616,17z
641,641,642.0,Rossarin Seeview 2,"12.9273159,100.8986803,17z",12.9273159,100.8986803,17z
642,642,643.0,OYO 893 Aura Vintage,"12.9560805,100.9823643,17z",12.9560805,100.9823643,17z
643,643,644.0,Jo house,"13.6505176,100.0821284,9z",13.6505176,100.08212840000002,9z
644,644,645.0,OYO 852 Pineapple Hotel Pattaya,"12.86053,100.8961654,17z",12.86053,100.89616540000002,17z
645,645,646.0,Danmark,"56.1488816,7.0586993,6z",56.1488816,7.0586993,6z
646,646,647.0,OYO 1063 Kingfha Resort,"13.2873573,100.9284006,14z",13.2873573,100.9284006,14z
647,647,648.0,OYO 815 Namchai House,"12.9210062,100.8599498,17z",12.9210062,100.8599498,17z
648,648,649.0,OYO 1004 Naklua Mansion,"12.969397,100.8889623,17z",12.969397,100.8889623,17z
649,649,650.0,BarFly Pattaya,"12.8839316,100.8776736,17z",12.8839316,100.8776736,17z
650,650,651.0,Aura House,"12.9348455,100.8865392,17z",12.9348455,100.8865392,17z
651,651,652.0,OYO 502 Bangsean Hotel,"13.3046131,100.9510659,17z",13.3046131,100.9510659,17z
652,652,653.0,Boutique Paradise hotel,"12.9241319,100.8728565,17z",12.9241319,100.8728565,17z
653,653,654.0,Max Hotel,"12.9298477,100.8774804,17z",12.9298477,100.8774804,17z
654,654,655.0,Thana Apartment,"13.6511071,100.5025234,11z",13.6511071,100.5025234,11z
655,655,656.0,Hill Inn,"12.9193521,100.8595538,17z",12.9193521,100.8595538,17z
656,656,657.0,OYO 1166 Train Way Resort,"13.092489,100.9411082,17z",13.092489,100.9411082,17z
657,657,658.0,OYO 715 Apartment Khunpu,"13.0344572,101.1257182,17z",13.0344572,101.1257182,17z
658,658,659.0,Garden House Bang Saray,"12.7610988,100.8972918,17z",12.7610988,100.8972918,17z
659,659,660.0,Baan sila,"12.9325243,100.8790114,17z",12.9325243,100.8790114,17z
660,660,661.0,Walking Street Encore Hotel,"12.9249322,100.8737316,16z",12.9249322,100.8737316,16z
661,661,662.0,OYO 1087 Udom Khomkham Apartment,"12.896479,100.8848933,17z",12.896479,100.8848933,17z
662,662,663.0,OYO 1025 Lamer Guesthouse,"13.272161,100.9208233,17z",13.272161,100.9208233,17z
663,663,664.0,You Place,"12.929646,100.6086406,10z",12.929646,100.6086406,10z
664,664,665.0,Seaview Guesthouse,"12.8838965,100.8777312,17z",12.8838965,100.8777312,17z
665,665,666.0,OYO 316 Le Grande,"12.9201928,100.8747804,17z",12.9201928,100.8747804,17z
666,666,667.0,OYO 1119 Sasiprapa Apartment,"13.122062,100.9704053,17z",13.122062,100.9704053,17z
667,667,668.0,Encore Sea View,"12.927644,100.8750513,17z",12.927644,100.8750513,17z
668,668,669.0,HOME PATTAYA HOTEL,"12.9371905,100.8879072,17z",12.9371905,100.8879072,17z
669,669,670.0,Sawasdee Pattaya,"12.929072,100.8821285,17z",12.929072,100.8821285,17z
670,670,671.0,OYO 400 Tez Palace,"12.9216657,100.8690102,17z",12.9216657,100.8690102,17z
671,671,672.0,Jaroonwej Bangsaen,"13.280679,100.9200167,17z",13.280679,100.9200167,17z
672,672,673.0,ห้องพักจรูญเวศม์บางแสน,"13.2806788,100.9200143,17z",13.2806788,100.9200143,17z
673,673,674.0,Marine paradise,"12.9222514,100.8725857,17z",12.9222514,100.8725857,17z
674,674,675.0,The Encore Hotel,"12.926087,100.8725563,17z",12.926087,100.8725563,17z
